Workbook

Sheet Sheet1
A1: Year | B1: Scenarios | C1: Food production（Mt）
A2: =[1]历史产量!A290 -> 2020 | B2: Historical | C2: =[1]历史产量!D290 -> 606.7786
A3: =[1]历史产量!A322 -> 2021 | B3: Historical | C3: =[1]历史产量!D322 -> 622.3377
A4: =[1]历史产量!A354 -> 2022 | B4: Historical | C4: =[1]历史产量!D354 -> 623.4213
A5: =[1]历史产量!A386 -> 2023 | B5: Historical | C5: =[1]历史产量!D386 -> 632.0354
A6: =[1]历史产量!A418 -> 2024 | B6: Historical | C6: =[1]历史产量!D418 -> 642.5509
A7: =[1]未来产量!A2 -> 2025 | B7: =[1]未来产量!B2 -> SSP1 | C7: =[1]未来产量!E2 -> 650.348
A8: =[1]未来产量!A34 -> 2025 | B8: =[1]未来产量!B34 -> SSP2 | C8: =[1]未来产量!E34 -> 650.348
A9: =[1]未来产量!A66 -> 2025 | B9: =[1]未来产量!B66 -> SSP3 | C9: =[1]未来产量!E66 -> 650.348
A10: =[1]未来产量!A98 -> 2025 | B10: =[1]未来产量!B98 -> SSP4 | C10: =[1]未来产量!E98 -> 650.348
A11: =[1]未来产量!A130 -> 2025 | B11: =[1]未来产量!B130 -> SSP5 | C11: =[1]未来产量!E130 -> 650.348
A12: =[1]未来产量!A162 -> 2026 | B12: =[1]未来产量!B162 -> SSP1 | C12: =[1]未来产量!E162 -> 650.06505
A13: =[1]未来产量!A194 -> 2026 | B13: =[1]未来产量!B194 -> SSP2 | C13: =[1]未来产量!E194 -> 652.92337
A14: =[1]未来产量!A226 -> 2026 | B14: =[1]未来产量!B226 -> SSP3 | C14: =[1]未来产量!E226 -> 654.44395
A15: =[1]未来产量!A258 -> 2026 | B15: =[1]未来产量!B258 -> SSP4 | C15: =[1]未来产量!E258 -> 650.51685
A16: =[1]未来产量!A290 -> 2026 | B16: =[1]未来产量!B290 -> SSP5 | C16: =[1]未来产量!E290 -> 652.59469
A17: =[1]未来产量!A322 -> 2027 | B17: =[1]未来产量!B322 -> SSP1 | C17: =[1]未来产量!E322 -> 649.78211
A18: =[1]未来产量!A354 -> 2027 | B18: =[1]未来产量!B354 -> SSP2 | C18: =[1]未来产量!E354 -> 655.49874
A19: =[1]未来产量!A386 -> 2027 | B19: =[1]未来产量!B386 -> SSP3 | C19: =[1]未来产量!E386 -> 658.53989
A20: =[1]未来产量!A418 -> 2027 | B20: =[1]未来产量!B418 -> SSP4 | C20: =[1]未来产量!E418 -> 650.68569
A21: =[1]未来产量!A450 -> 2027 | B21: =[1]未来产量!B450 -> SSP5 | C21: =[1]未来产量!E450 -> 654.84138
A22: =[1]未来产量!A482 -> 2028 | B22: =[1]未来产量!B482 -> SSP1 | C22: =[1]未来产量!E482 -> 649.49916
A23: =[1]未来产量!A514 -> 2028 | B23: =[1]未来产量!B514 -> SSP2 | C23: =[1]未来产量!E514 -> 658.07411
A24: =[1]未来产量!A546 -> 2028 | B24: =[1]未来产量!B546 -> SSP3 | C24: =[1]未来产量!E546 -> 662.63584
A25: =[1]未来产量!A578 -> 2028 | B25: =[1]未来产量!B578 -> SSP4 | C25: =[1]未来产量!E578 -> 650.85454
A26: =[1]未来产量!A610 -> 2028 | B26: =[1]未来产量!B610 -> SSP5 | C26: =[1]未来产量!E610 -> 657.08806
A27: =[1]未来产量!A642 -> 2029 | B27: =[1]未来产量!B642 -> SSP1 | C27: =[1]未来产量!E642 -> 649.21621
A28: =[1]未来产量!A674 -> 2029 | B28: =[1]未来产量!B674 -> SSP2 | C28: =[1]未来产量!E674 -> 660.64948
A29: =[1]未来产量!A706 -> 2029 | B29: =[1]未来产量!B706 -> SSP3 | C29: =[1]未来产量!E706 -> 666.73179
A30: =[1]未来产量!A738 -> 2029 | B30: =[1]未来产量!B738 -> SSP4 | C30: =[1]未来产量!E738 -> 651.02339
A31: =[1]未来产量!A770 -> 2029 | B31: =[1]未来产量!B770 -> SSP5 | C31: =[1]未来产量!E770 -> 659.33475
A32: =[1]未来产量!A802 -> 2030 | B32: =[1]未来产量!B802 -> SSP1 | C32: =[1]未来产量!E802 -> 648.93327
A33: =[1]未来产量!A834 -> 2030 | B33: =[1]未来产量!B834 -> SSP2 | C33: =[1]未来产量!E834 -> 663.22486
A34: =[1]未来产量!A866 -> 2030 | B34: =[1]未来产量!B866 -> SSP3 | C34: =[1]未来产量!E866 -> 670.82774
A35: =[1]未来产量!A898 -> 2030 | B35: =[1]未来产量!B898 -> SSP4 | C35: =[1]未来产量!E898 -> 651.19223
A36: =[1]未来产量!A930 -> 2030 | B36: =[1]未来产量!B930 -> SSP5 | C36: =[1]未来产量!E930 -> 661.58144
A37: =[1]未来产量!A962 -> 2031 | B37: =[1]未来产量!B962 -> SSP1 | C37: =[1]未来产量!E962 -> 648.65032
A38: =[1]未来产量!A994 -> 2031 | B38: =[1]未来产量!B994 -> SSP2 | C38: =[1]未来产量!E994 -> 665.80023
A39: =[1]未来产量!A1026 -> 2031 | B39: =[1]未来产量!B1026 -> SSP3 | C39: =[1]未来产量!E1026 -> 674.92368
A40: =[1]未来产量!A1058 -> 2031 | B40: =[1]未来产量!B1058 -> SSP4 | C40: =[1]未来产量!E1058 -> 651.36108
A41: =[1]未来产量!A1090 -> 2031 | B41: =[1]未来产量!B1090 -> SSP5 | C41: =[1]未来产量!E1090 -> 663.82813
A42: =[1]未来产量!A1122 -> 2032 | B42: =[1]未来产量!B1122 -> SSP1 | C42: =[1]未来产量!E1122 -> 648.36737
A43: =[1]未来产量!A1154 -> 2032 | B43: =[1]未来产量!B1154 -> SSP2 | C43: =[1]未来产量!E1154 -> 668.3756
A44: =[1]未来产量!A1186 -> 2032 | B44: =[1]未来产量!B1186 -> SSP3 | C44: =[1]未来产量!E1186 -> 679.01963
A45: =[1]未来产量!A1218 -> 2032 | B45: =[1]未来产量!B1218 -> SSP4 | C45: =[1]未来产量!E1218 -> 651.52992
A46: =[1]未来产量!A1250 -> 2032 | B46: =[1]未来产量!B1250 -> SSP5 | C46: =[1]未来产量!E1250 -> 666.07482
A47: =[1]未来产量!A1282 -> 2033 | B47: =[1]未来产量!B1282 -> SSP1 | C47: =[1]未来产量!E1282 -> 648.08443
A48: =[1]未来产量!A1314 -> 2033 | B48: =[1]未来产量!B1314 -> SSP2 | C48: =[1]未来产量!E1314 -> 670.95097
A49: =[1]未来产量!A1346 -> 2033 | B49: =[1]未来产量!B1346 -> SSP3 | C49: =[1]未来产量!E1346 -> 683.11558
A50: =[1]未来产量!A1378 -> 2033 | B50: =[1]未来产量!B1378 -> SSP4 | C50: =[1]未来产量!E1378 -> 651.69877
A51: =[1]未来产量!A1410 -> 2033 | B51: =[1]未来产量!B1410 -> SSP5 | C51: =[1]未来产量!E1410 -> 668.32151
A52: =[1]未来产量!A1442 -> 2034 | B52: =[1]未来产量!B1442 -> SSP1 | C52: =[1]未来产量!E1442 -> 647.80148
A53: =[1]未来产量!A1474 -> 2034 | B53: =[1]未来产量!B1474 -> SSP2 | C53: =[1]未来产量!E1474 -> 673.52634
A54: =[1]未来产量!A1506 -> 2034 | B54: =[1]未来产量!B1506 -> SSP3 | C54: =[1]未来产量!E1506 -> 687.21153
A55: =[1]未来产量!A1538 -> 2034 | B55: =[1]未来产量!B1538 -> SSP4 | C55: =[1]未来产量!E1538 -> 651.86762
A56: =[1]未来产量!A1570 -> 2034 | B56: =[1]未来产量!B1570 -> SSP5 | C56: =[1]未来产量!E1570 -> 670.56819
A57: =[1]未来产量!A1602 -> 2035 | B57: =[1]未来产量!B1602 -> SSP1 | C57: =[1]未来产量!E1602 -> 647.51853
A58: =[1]未来产量!A1634 -> 2035 | B58: =[1]未来产量!B1634 -> SSP2 | C58: =[1]未来产量!E1634 -> 676.10171
A59: =[1]未来产量!A1666 -> 2035 | B59: =[1]未来产量!B1666 -> SSP3 | C59: =[1]未来产量!E1666 -> 691.30747
A60: =[1]未来产量!A1698 -> 2035 | B60: =[1]未来产量!B1698 -> SSP4 | C60: =[1]未来产量!E1698 -> 652.03646
A61: =[1]未来产量!A1730 -> 2035 | B61: =[1]未来产量!B1730 -> SSP5 | C61: =[1]未来产量!E1730 -> 672.81488
A62: =[1]未来产量!A1762 -> 2036 | B62: =[1]未来产量!B1762 -> SSP1 | C62: =[1]未来产量!E1762 -> 647.23559
A63: =[1]未来产量!A1794 -> 2036 | B63: =[1]未来产量!B1794 -> SSP2 | C63: =[1]未来产量!E1794 -> 678.67708
A64: =[1]未来产量!A1826 -> 2036 | B64: =[1]未来产量!B1826 -> SSP3 | C64: =[1]未来产量!E1826 -> 695.40342
A65: =[1]未来产量!A1858 -> 2036 | B65: =[1]未来产量!B1858 -> SSP4 | C65: =[1]未来产量!E1858 -> 652.20531
A66: =[1]未来产量!A1890 -> 2036 | B66: =[1]未来产量!B1890 -> SSP5 | C66: =[1]未来产量!E1890 -> 675.06157
A67: =[1]未来产量!A1922 -> 2037 | B67: =[1]未来产量!B1922 -> SSP1 | C67: =[1]未来产量!E1922 -> 646.95264
A68: =[1]未来产量!A1954 -> 2037 | B68: =[1]未来产量!B1954 -> SSP2 | C68: =[1]未来产量!E1954 -> 681.25245
A69: =[1]未来产量!A1986 -> 2037 | B69: =[1]未来产量!B1986 -> SSP3 | C69: =[1]未来产量!E1986 -> 699.49937
A70: =[1]未来产量!A2018 -> 2037 | B70: =[1]未来产量!B2018 -> SSP4 | C70: =[1]未来产量!E2018 -> 652.37416
A71: =[1]未来产量!A2050 -> 2037 | B71: =[1]未来产量!B2050 -> SSP5 | C71: =[1]未来产量!E2050 -> 677.30826
A72: =[1]未来产量!A2082 -> 2038 | B72: =[1]未来产量!B2082 -> SSP1 | C72: =[1]未来产量!E2082 -> 646.66969
A73: =[1]未来产量!A2114 -> 2038 | B73: =[1]未来产量!B2114 -> SSP2 | C73: =[1]未来产量!E2114 -> 683.82782
A74: =[1]未来产量!A2146 -> 2038 | B74: =[1]未来产量!B2146 -> SSP3 | C74: =[1]未来产量!E2146 -> 703.59532
A75: =[1]未来产量!A2178 -> 2038 | B75: =[1]未来产量!B2178 -> SSP4 | C75: =[1]未来产量!E2178 -> 652.543
A76: =[1]未来产量!A2210 -> 2038 | B76: =[1]未来产量!B2210 -> SSP5 | C76: =[1]未来产量!E2210 -> 679.55495
A77: =[1]未来产量!A2242 -> 2039 | B77: =[1]未来产量!B2242 -> SSP1 | C77: =[1]未来产量!E2242 -> 646.38675
A78: =[1]未来产量!A2274 -> 2039 | B78: =[1]未来产量!B2274 -> SSP2 | C78: =[1]未来产量!E2274 -> 686.4032
A79: =[1]未来产量!A2306 -> 2039 | B79: =[1]未来产量!B2306 -> SSP3 | C79: =[1]未来产量!E2306 -> 707.69126
A80: =[1]未来产量!A2338 -> 2039 | B80: =[1]未来产量!B2338 -> SSP4 | C80: =[1]未来产量!E2338 -> 652.71185
A81: =[1]未来产量!A2370 -> 2039 | B81: =[1]未来产量!B2370 -> SSP5 | C81: =[1]未来产量!E2370 -> 681.80164
A82: =[1]未来产量!A2402 -> 2040 | B82: =[1]未来产量!B2402 -> SSP1 | C82: =[1]未来产量!E2402 -> 646.1038
A83: =[1]未来产量!A2434 -> 2040 | B83: =[1]未来产量!B2434 -> SSP2 | C83: =[1]未来产量!E2434 -> 688.97857
A84: =[1]未来产量!A2466 -> 2040 | B84: =[1]未来产量!B2466 -> SSP3 | C84: =[1]未来产量!E2466 -> 711.78721
A85: =[1]未来产量!A2498 -> 2040 | B85: =[1]未来产量!B2498 -> SSP4 | C85: =[1]未来产量!E2498 -> 652.8807
A86: =[1]未来产量!A2530 -> 2040 | B86: =[1]未来产量!B2530 -> SSP5 | C86: =[1]未来产量!E2530 -> 684.04832
A87: =[1]未来产量!A2562 -> 2041 | B87: =[1]未来产量!B2562 -> SSP1 | C87: =[1]未来产量!E2562 -> 645.82086
A88: =[1]未来产量!A2594 -> 2041 | B88: =[1]未来产量!B2594 -> SSP2 | C88: =[1]未来产量!E2594 -> 691.55394
A89: =[1]未来产量!A2626 -> 2041 | B89: =[1]未来产量!B2626 -> SSP3 | C89: =[1]未来产量!E2626 -> 715.88316
A90: =[1]未来产量!A2658 -> 2041 | B90: =[1]未来产量!B2658 -> SSP4 | C90: =[1]未来产量!E2658 -> 653.04954
A91: =[1]未来产量!A2690 -> 2041 | B91: =[1]未来产量!B2690 -> SSP5 | C91: =[1]未来产量!E2690 -> 686.29501
A92: =[1]未来产量!A2722 -> 2042 | B92: =[1]未来产量!B2722 -> SSP1 | C92: =[1]未来产量!E2722 -> 645.53791
A93: =[1]未来产量!A2754 -> 2042 | B93: =[1]未来产量!B2754 -> SSP2 | C93: =[1]未来产量!E2754 -> 694.12931
A94: =[1]未来产量!A2786 -> 2042 | B94: =[1]未来产量!B2786 -> SSP3 | C94: =[1]未来产量!E2786 -> 719.9791
A95: =[1]未来产量!A2818 -> 2042 | B95: =[1]未来产量!B2818 -> SSP4 | C95: =[1]未来产量!E2818 -> 653.21839
A96: =[1]未来产量!A2850 -> 2042 | B96: =[1]未来产量!B2850 -> SSP5 | C96: =[1]未来产量!E2850 -> 688.5417
A97: =[1]未来产量!A2882 -> 2043 | B97: =[1]未来产量!B2882 -> SSP1 | C97: =[1]未来产量!E2882 -> 645.25496
A98: =[1]未来产量!A2914 -> 2043 | B98: =[1]未来产量!B2914 -> SSP2 | C98: =[1]未来产量!E2914 -> 696.70468
A99: =[1]未来产量!A2946 -> 2043 | B99: =[1]未来产量!B2946 -> SSP3 | C99: =[1]未来产量!E2946 -> 724.07505
A100: =[1]未来产量!A2978 -> 2043 | B100: =[1]未来产量!B2978 -> SSP4 | C100: =[1]未来产量!E2978 -> 653.38724
...
